Elevator Call,15.74901825,0,-6,3,1, Done, dt, 164.5625272709607
Elevator Call,29.79572499,-4,80,3,0, Done, dt, 164.5625272709607
Elevator Call,30.19242759,-7,88,3,0, Done, dt, 164.5625272709607
Elevator Call,30.71595022,-5,74,3,0, Done, dt, 164.5625272709607
Elevator Call,36.31662175,31,97,3,0, Done, dt, 164.5625272709607
Elevator Call,46.33106901,-6,70,3,0, Done, dt, 164.5625272709607
Elevator Call,52.22992457,-4,34,3,1, Done, dt, 164.5625272709607
Elevator Call,61.0483784,-9,52,3,0, Done, dt, 164.5625272709607
Elevator Call,62.31340803,-9,92,3,0, Done, dt, 164.5625272709607
Elevator Call,62.42923444,-4,47,3,0, Done, dt, 164.5625272709607
Elevator Call,62.88805494,4,74,3,0, Done, dt, 164.5625272709607
Elevator Call,66.30025924,0,-1,3,1, Done, dt, 164.5625272709607
Elevator Call,67.07281282,-4,85,3,0, Done, dt, 164.5625272709607
Elevator Call,67.3968456,-4,80,3,0, Done, dt, 164.5625272709607
Elevator Call,72.32053835,-1,44,3,0, Done, dt, 164.5625272709607
Elevator Call,75.45009626,-9,-3,3,1, Done, dt, 164.5625272709607
Elevator Call,79.53860269,0,-1,3,1, Done, dt, 164.5625272709607
Elevator Call,82.00106471,-5,94,3,0, Done, dt, 164.5625272709607
Elevator Call,85.05084296,-4,71,3,0, Done, dt, 164.5625272709607
Elevator Call,85.05145915,-8,66,3,0, Done, dt, 164.5625272709607
Elevator Call,86.40921591,-5,-1,3,1, Done, dt, 164.5625272709607
Elevator Call,90.27392218,27,95,3,0, Done, dt, 164.5625272709607
Elevator Call,97.56134129,-1,93,3,0, Done, dt, 164.5625272709607
Elevator Call,99.09729234,-2,47,3,0, Done, dt, 164.5625272709607
Elevator Call,100.0952865,-5,85,3,0, Done, dt, 164.5625272709607
Elevator Call,104.8284693,-1,55,3,0, Done, dt, 164.5625272709607
Elevator Call,105.1781073,-7,96,3,0, Done, dt, 164.5625272709607
Elevator Call,106.412017,-3,-1,3,1, Done, dt, 164.5625272709607
Elevator Call,114.8141732,0,28,3,1, Done, dt, 164.5625272709607
Elevator Call,115.2148578,-6,47,3,0, Done, dt, 164.5625272709607
Elevator Call,132.2228279,12,-5,3,1, Done, dt, 164.5625272709607
Elevator Call,146.3576834,-5,-9,3,1, Done, dt, 164.5625272709607
Elevator Call,158.5784347,-4,-2,3,1, Done, dt, 164.5625272709607
Elevator Call,159.7248447,-3,0,3,1, Done, dt, 164.5625272709607
Elevator Call,161.1766006,-4,20,3,1, Done, dt, 164.5625272709607
Elevator Call,165.7531344,0,32,3,1, Done, dt, 164.5625272709607
Elevator Call,176.148875,-2,-1,3,1, Done, dt, 164.5625272709607
Elevator Call,181.4509647,-1,30,3,1, Done, dt, 164.5625272709607
Elevator Call,186.5178245,-4,51,3,0, Done, dt, 164.5625272709607
Elevator Call,195.1514893,44,83,3,0, Done, dt, 164.5625272709607
Elevator Call,198.2446789,0,9,3,1, Done, dt, 164.5625272709607
Elevator Call,209.2342289,-3,-8,3,1, Done, dt, 164.5625272709607
Elevator Call,213.8367404,-5,0,3,1, Done, dt, 164.5625272709607
Elevator Call,215.1021415,-5,50,3,0, Done, dt, 164.5625272709607
Elevator Call,215.5905145,-7,23,3,1, Done, dt, 164.5625272709607
Elevator Call,221.9759827,0,-9,3,1, Done, dt, 164.5625272709607
Elevator Call,222.5359103,-4,88,3,0, Done, dt, 164.5625272709607
Elevator Call,224.3605101,-5,13,3,1, Done, dt, 164.5625272709607
Elevator Call,227.0459038,-9,-7,3,1, Done, dt, 164.5625272709607
Elevator Call,227.3869145,-6,-2,3,1, Done, dt, 164.5625272709607
Elevator Call,228.5416057,16,-9,3,1, Done, dt, 164.5625272709607
Elevator Call,245.9329165,-4,-1,3,1, Done, dt, 164.5625272709607
Elevator Call,248.6346039,-2,40,3,0, Done, dt, 164.5625272709607
Elevator Call,269.2010286,-2,76,3,0, Done, dt, 164.5625272709607
Elevator Call,269.2290778,-2,58,3,0, Done, dt, 164.5625272709607
Elevator Call,276.0160122,-1,100,3,0, Done, dt, 164.5625272709607
Elevator Call,281.4335441,-8,6,3,1, Done, dt, 164.5625272709607
Elevator Call,282.3742557,71,67,3,0, Done, dt, 164.5625272709607
Elevator Call,285.9869302,-7,-9,3,1, Done, dt, 164.5625272709607
Elevator Call,288.8516461,15,99,3,0, Done, dt, 164.5625272709607
Elevator Call,304.5863408,0,14,3,1, Done, dt, 164.5625272709607
Elevator Call,307.8754798,34,28,3,1, Done, dt, 164.5625272709607
Elevator Call,310.6171697,7,80,3,0, Done, dt, 164.5625272709607
Elevator Call,312.0106402,75,-1,3,1, Done, dt, 164.5625272709607
Elevator Call,315.102028,-5,-6,3,1, Done, dt, 164.5625272709607
Elevator Call,321.669633,0,48,3,0, Done, dt, 164.5625272709607
Elevator Call,326.2162005,-9,-8,3,1, Done, dt, 164.5625272709607
Elevator Call,326.8946221,-3,0,3,1, Done, dt, 164.5625272709607
Elevator Call,328.3566989,-5,-6,3,1, Done, dt, 164.5625272709607
Elevator Call,328.4651172,-8,24,3,1, Done, dt, 164.5625272709607
Elevator Call,339.8670986,-9,10,3,1, Done, dt, 164.5625272709607
Elevator Call,356.7750172,-9,69,3,0, Done, dt, 164.5625272709607
Elevator Call,369.8859276,0,-1,3,1, Done, dt, 164.5625272709607
Elevator Call,373.9444435,-4,34,3,1, Done, dt, 164.5625272709607
Elevator Call,374.7234962,-3,64,3,0, Done, dt, 164.5625272709607
Elevator Call,374.8932447,-1,100,3,0, Done, dt, 164.5625272709607
Elevator Call,379.3623974,-8,56,3,0, Done, dt, 164.5625272709607
Elevator Call,385.0290807,35,-9,3,1, Done, dt, 164.5625272709607
Elevator Call,390.0533346,-6,46,3,0, Done, dt, 164.5625272709607
Elevator Call,393.1687047,-5,-4,3,1, Done, dt, 164.5625272709607
Elevator Call,407.1815824,-8,-5,3,1, Done, dt, 164.5625272709607
Elevator Call,407.2751756,-8,82,3,0, Done, dt, 164.5625272709607
Elevator Call,411.8124635,65,-2,3,1, Done, dt, 164.5625272709607
Elevator Call,423.0325014,39,-5,3,1, Done, dt, 164.5625272709607
Elevator Call,428.5097648,-2,26,3,1, Done, dt, 164.5625272709607
Elevator Call,433.5968708,5,-7,3,1, Done, dt, 164.5625272709607
Elevator Call,435.1813075,-4,47,3,0, Done, dt, 164.5625272709607
Elevator Call,438.541313,87,-7,3,1, Done, dt, 164.5625272709607
Elevator Call,438.9916382,-5,14,3,1, Done, dt, 164.5625272709607
Elevator Call,440.0203373,-7,-3,3,1, Done, dt, 164.5625272709607
Elevator Call,447.9320555,-3,25,3,1, Done, dt, 164.5625272709607
Elevator Call,451.3692847,-7,97,3,0, Done, dt, 164.5625272709607
Elevator Call,452.0363389,-7,2,3,1, Done, dt, 164.5625272709607
Elevator Call,459.1711197,-1,63,3,0, Done, dt, 164.5625272709607
Elevator Call,460.2998592,-2,29,3,1, Done, dt, 164.5625272709607
Elevator Call,466.2828259,-7,69,3,0, Done, dt, 164.5625272709607
Elevator Call,468.0898444,19,70,3,0, Done, dt, 164.5625272709607
Elevator Call,468.8096806,-9,54,3,0, Done, dt, 164.5625272709607
Elevator Call,469.3109264,-5,0,3,1, Done, dt, 164.5625272709607
Elevator Call,473.762523,8,96,3,0, Done, dt, 164.5625272709607
Elevator Call,475.6592721,-7,81,3,0, Done, dt, 164.5625272709607
Elevator Call,475.7563485,-3,4,3,1, Done, dt, 164.5625272709607
Elevator Call,481.2815349,-9,60,3,0, Done, dt, 164.5625272709607
Elevator Call,488.8383599,-1,78,3,0, Done, dt, 164.5625272709607
Elevator Call,494.2289555,-9,69,3,0, Done, dt, 164.5625272709607
Elevator Call,494.9607965,-2,54,3,0, Done, dt, 164.5625272709607
Elevator Call,496.6254988,-4,74,3,0, Done, dt, 164.5625272709607
Elevator Call,499.055861,-1,51,3,0, Done, dt, 164.5625272709607
Elevator Call,499.0584255,100,-7,3,1, Done, dt, 164.5625272709607
Elevator Call,505.1661384,71,-1,3,1, Done, dt, 164.5625272709607
Elevator Call,505.6566423,-2,-9,3,1, Done, dt, 164.5625272709607
Elevator Call,518.0671397,85,-6,3,1, Done, dt, 164.5625272709607
Elevator Call,518.0880902,80,99,3,0, Done, dt, 164.5625272709607
Elevator Call,520.0558146,-9,22,3,1, Done, dt, 164.5625272709607
Elevator Call,529.1038889,-8,76,3,0, Done, dt, 164.5625272709607
Elevator Call,540.3602365,-9,59,3,0, Done, dt, 164.5625272709607
Elevator Call,546.6587096,9,-6,3,1, Done, dt, 164.5625272709607
Elevator Call,548.4197675,42,-3,3,1, Done, dt, 164.5625272709607
Elevator Call,550.5479493,-6,94,3,0, Done, dt, 164.5625272709607
Elevator Call,552.3403654,0,61,3,0, Done, dt, 164.5625272709607
Elevator Call,559.0984936,-1,58,3,0, Done, dt, 164.5625272709607
Elevator Call,559.7947453,0,-5,3,1, Done, dt, 164.5625272709607
Elevator Call,565.1545071,-1,45,3,0, Done, dt, 164.5625272709607
Elevator Call,568.1655801,-6,35,3,1, Done, dt, 164.5625272709607
Elevator Call,580.1703275,-3,11,3,1, Done, dt, 164.5625272709607
Elevator Call,582.4516391,-9,20,3,1, Done, dt, 164.5625272709607
Elevator Call,589.0230373,-6,0,3,1, Done, dt, 164.5625272709607
Elevator Call,595.4907759,-6,6,3,1, Done, dt, 164.5625272709607
Elevator Call,597.5318029,-8,85,3,0, Done, dt, 164.5625272709607
Elevator Call,607.5990041,-4,24,3,1, Done, dt, 164.5625272709607
Elevator Call,610.140951,50,-4,3,1, Done, dt, 164.5625272709607
Elevator Call,611.2245002,-9,10,3,1, Done, dt, 164.5625272709607
Elevator Call,612.0358635,0,46,3,0, Done, dt, 164.5625272709607
Elevator Call,613.9293841,-6,78,3,0, Done, dt, 164.5625272709607
Elevator Call,616.3622393,-7,13,3,1, Done, dt, 164.5625272709607
Elevator Call,623.1899953,-5,7,3,1, Done, dt, 164.5625272709607
Elevator Call,624.2051767,-6,40,3,0, Done, dt, 164.5625272709607
Elevator Call,624.9698485,-8,15,3,1, Done, dt, 164.5625272709607
Elevator Call,629.4378655,-3,-8,3,1, Done, dt, 164.5625272709607
Elevator Call,631.0705525,-7,85,3,0, Done, dt, 164.5625272709607
Elevator Call,633.8314297,-9,69,3,0, Done, dt, 164.5625272709607
Elevator Call,636.2539273,-2,3,3,1, Done, dt, 164.5625272709607
Elevator Call,639.7422437,-1,5,3,1, Done, dt, 164.5625272709607
Elevator Call,651.3868818,-9,-4,3,1, Done, dt, 164.5625272709607
Elevator Call,652.5679784,-9,34,3,1, Done, dt, 164.5625272709607
Elevator Call,653.5233419,-8,50,3,0, Done, dt, 164.5625272709607
Elevator Call,653.5767423,-2,25,3,1, Done, dt, 164.5625272709607
Elevator Call,656.5075634,27,-6,3,1, Done, dt, 164.5625272709607
Elevator Call,660.0054453,-1,65,3,0, Done, dt, 164.5625272709607
Elevator Call,670.9890162,0,34,3,1, Done, dt, 164.5625272709607
Elevator Call,673.6204302,-6,-8,3,1, Done, dt, 164.5625272709607
Elevator Call,673.8229934,-1,-5,3,1, Done, dt, 164.5625272709607
Elevator Call,675.8277545,-5,-7,3,1, Done, dt, 164.5625272709607
Elevator Call,690.3435072,-9,90,3,0, Done, dt, 164.5625272709607
Elevator Call,691.7480969,85,-8,3,1, Done, dt, 164.5625272709607
Elevator Call,699.6717222,0,-2,3,1, Done, dt, 164.5625272709607
Elevator Call,704.5146679,-3,-5,3,1, Done, dt, 164.5625272709607
Elevator Call,705.2713074,-2,73,3,0, Done, dt, 164.5625272709607
Elevator Call,706.2201196,-3,-1,3,1, Done, dt, 164.5625272709607
Elevator Call,708.0658532,-6,99,3,0, Done, dt, 164.5625272709607
Elevator Call,711.1293089,-9,79,3,0, Done, dt, 164.5625272709607
Elevator Call,713.137673,-9,7,3,1, Done, dt, 164.5625272709607
Elevator Call,715.8477994,17,-5,3,1, Done, dt, 164.5625272709607
Elevator Call,717.5512012,-9,-8,3,1, Done, dt, 164.5625272709607
Elevator Call,741.5622718,-7,-2,3,1, Done, dt, 164.5625272709607
Elevator Call,745.5777356,-3,43,3,0, Done, dt, 164.5625272709607
Elevator Call,748.0824475,-8,44,3,0, Done, dt, 164.5625272709607
Elevator Call,748.1507335,0,8,3,1, Done, dt, 164.5625272709607
Elevator Call,753.4612293,11,-8,3,1, Done, dt, 164.5625272709607
Elevator Call,754.628425,-7,31,3,1, Done, dt, 164.5625272709607
Elevator Call,767.48684,-8,78,3,0, Done, dt, 164.5625272709607
Elevator Call,774.1687517,-3,-4,3,1, Done, dt, 164.5625272709607
Elevator Call,775.2702685,-7,93,3,0, Done, dt, 164.5625272709607
Elevator Call,777.9417683,0,15,3,1, Done, dt, 164.5625272709607
Elevator Call,778.6706319,-7,75,3,0, Done, dt, 164.5625272709607
Elevator Call,806.6390732,-7,38,3,0, Done, dt, 164.5625272709607
Elevator Call,817.4873896,-7,81,3,0, Done, dt, 164.5625272709607
Elevator Call,822.8097093,-9,82,3,0, Done, dt, 164.5625272709607
Elevator Call,831.1386849,-2,14,3,1, Done, dt, 164.5625272709607
Elevator Call,833.4568374,-9,-4,3,1, Done, dt, 164.5625272709607
Elevator Call,836.0439963,-1,22,3,1, Done, dt, 164.5625272709607
Elevator Call,838.6215705,78,-7,3,1, Done, dt, 164.5625272709607
Elevator Call,839.8585211,-9,5,3,1, Done, dt, 164.5625272709607
Elevator Call,845.2393911,-5,91,3,0, Done, dt, 164.5625272709607
Elevator Call,853.3581855,-1,72,3,0, Done, dt, 164.5625272709607
Elevator Call,858.0973433,-7,-3,3,1, Done, dt, 164.5625272709607
Elevator Call,858.764016,-9,7,3,1, Done, dt, 164.5625272709607
Elevator Call,866.5927868,27,10,3,1, Done, dt, 164.5625272709607
Elevator Call,871.273979,-7,9,3,1, Done, dt, 164.5625272709607
Elevator Call,872.5166551,-2,-3,3,1, Done, dt, 164.5625272709607
Elevator Call,872.5448365,-1,16,3,1, Done, dt, 164.5625272709607
Elevator Call,873.7235073,-2,0,3,1, Done, dt, 164.5625272709607
Elevator Call,878.9296669,30,61,3,0, Done, dt, 164.5625272709607
Elevator Call,883.1763136,-1,-9,3,1, Done, dt, 164.5625272709607
Elevator Call,887.5384282,19,-8,3,1, Done, dt, 164.5625272709607
Elevator Call,901.9306691,-5,85,3,0, Done, dt, 164.5625272709607
Elevator Call,903.9760089,-8,-5,3,1, Done, dt, 164.5625272709607
Elevator Call,904.4493607,-2,15,3,1, Done, dt, 164.5625272709607
Elevator Call,904.747622,-6,37,3,0, Done, dt, 164.5625272709607
Elevator Call,908.2916284,0,41,3,0, Done, dt, 164.5625272709607
Elevator Call,910.0918551,-8,41,3,0, Done, dt, 164.5625272709607
Elevator Call,916.9117749,11,65,3,0, Done, dt, 164.5625272709607
Elevator Call,920.3691333,-5,3,3,1, Done, dt, 164.5625272709607
Elevator Call,926.6693133,-8,-1,3,1, Done, dt, 164.5625272709607
Elevator Call,928.0707967,-6,69,3,0, Done, dt, 164.5625272709607
Elevator Call,940.0461336,-3,96,3,0, Done, dt, 164.5625272709607
Elevator Call,943.9513718,-1,-8,3,1, Done, dt, 164.5625272709607
Elevator Call,948.172869,32,0,3,1, Done, dt, 164.5625272709607
Elevator Call,952.7566521,0,69,3,0, Done, dt, 164.5625272709607
Elevator Call,953.7894217,-8,0,3,1, Done, dt, 164.5625272709607
Elevator Call,956.59307,-3,100,3,0, Done, dt, 164.5625272709607
Elevator Call,961.6163922,-7,-8,3,1, Done, dt, 164.5625272709607
Elevator Call,966.5176235,0,-4,3,1, Done, dt, 164.5625272709607
Elevator Call,966.9256591,-1,-9,3,1, Done, dt, 164.5625272709607
Elevator Call,977.255218,-2,60,3,0, Done, dt, 164.5625272709607
Elevator Call,979.9158768,0,49,3,0, Done, dt, 164.5625272709607
Elevator Call,980.4155994,34,-3,3,1, Done, dt, 164.5625272709607
Elevator Call,981.5140368,-9,6,3,1, Done, dt, 164.5625272709607
Elevator Call,986.545666,-3,34,3,1, Done, dt, 164.5625272709607
Elevator Call,991.1137281,8,-4,3,1, Done, dt, 164.5625272709607
Elevator Call,996.3578079,-2,22,3,1, Done, dt, 164.5625272709607
Elevator Call,1003.238875,-4,8,3,1, Done, dt, 164.5625272709607
Elevator Call,1007.745827,77,9,3,1, Done, dt, 164.5625272709607
Elevator Call,1010.689812,-2,97,3,0, Done, dt, 164.5625272709607
Elevator Call,1010.939101,-2,35,3,1, Done, dt, 164.5625272709607
Elevator Call,1013.812092,-9,97,3,0, Done, dt, 164.5625272709607
Elevator Call,1014.821807,73,67,3,0, Done, dt, 164.5625272709607
Elevator Call,1020.995566,0,-5,3,1, Done, dt, 164.5625272709607
Elevator Call,1026.063237,-7,94,3,0, Done, dt, 164.5625272709607
Elevator Call,1033.987303,0,13,3,1, Done, dt, 164.5625272709607
Elevator Call,1034.242939,-3,50,3,0, Done, dt, 164.5625272709607
Elevator Call,1037.538186,36,63,3,0, Done, dt, 164.5625272709607
Elevator Call,1039.016639,64,-3,3,1, Done, dt, 164.5625272709607
Elevator Call,1040.878547,17,-3,3,1, Done, dt, 164.5625272709607
Elevator Call,1046.492954,-7,16,3,1, Done, dt, 164.5625272709607
Elevator Call,1047.064067,0,15,3,1, Done, dt, 164.5625272709607
Elevator Call,1052.153359,-4,-3,3,1, Done, dt, 164.5625272709607
Elevator Call,1055.7654,64,-1,3,1, Done, dt, 164.5625272709607
Elevator Call,1056.025974,79,-4,3,1, Done, dt, 164.5625272709607
Elevator Call,1056.726378,-6,28,3,1, Done, dt, 164.5625272709607
Elevator Call,1058.308123,-7,0,3,1, Done, dt, 164.5625272709607
Elevator Call,1064.859608,0,20,3,1, Done, dt, 164.5625272709607
Elevator Call,1068.133111,-5,7,3,1, Done, dt, 164.5625272709607
Elevator Call,1071.52992,78,-9,3,1, Done, dt, 164.5625272709607
Elevator Call,1072.693157,24,-5,3,1, Done, dt, 164.5625272709607
Elevator Call,1076.528686,-8,-3,3,1, Done, dt, 164.5625272709607
Elevator Call,1081.876341,1,-9,3,1, Done, dt, 164.5625272709607
Elevator Call,1085.464007,-4,78,3,0, Done, dt, 164.5625272709607
Elevator Call,1087.096912,-2,48,3,0, Done, dt, 164.5625272709607
Elevator Call,1089.133003,12,39,3,0, Done, dt, 164.5625272709607
Elevator Call,1096.194094,45,14,3,1, Done, dt, 164.5625272709607
Elevator Call,1096.360806,89,-8,3,1, Done, dt, 164.5625272709607
Elevator Call,1097.868282,-3,19,3,1, Done, dt, 164.5625272709607
Elevator Call,1097.99438,21,0,3,1, Done, dt, 164.5625272709607
Elevator Call,1099.56286,-1,95,3,0, Done, dt, 164.5625272709607
Elevator Call,1103.513932,57,50,3,0, Done, dt, 164.5625272709607
Elevator Call,1109.509258,42,-2,3,1, Done, dt, 164.5625272709607
Elevator Call,1113.481938,-4,-5,3,1, Done, dt, 164.5625272709607
Elevator Call,1114.338746,-5,33,3,1, Done, dt, 164.5625272709607
Elevator Call,1120.783107,88,-7,3,1, Done, dt, 164.5625272709607
Elevator Call,1124.28668,-4,-5,3,1, Done, dt, 164.5625272709607
Elevator Call,1124.520436,-4,84,3,0, Done, dt, 164.5625272709607
Elevator Call,1127.27714,-1,67,3,0, Done, dt, 164.5625272709607
Elevator Call,1129.695184,88,78,3,0, Done, dt, 164.5625272709607
Elevator Call,1130.779674,90,-5,3,1, Done, dt, 164.5625272709607
Elevator Call,1131.93864,-1,39,3,0, Done, dt, 164.5625272709607
Elevator Call,1133.497468,82,-3,3,1, Done, dt, 164.5625272709607
Elevator Call,1136.979444,94,-9,3,1, Done, dt, 164.5625272709607
Elevator Call,1137.716562,-4,-5,3,1, Done, dt, 164.5625272709607
Elevator Call,1140.11166,63,94,3,0, Done, dt, 164.5625272709607
Elevator Call,1140.607781,-1,37,3,0, Done, dt, 164.5625272709607
Elevator Call,1147.586189,-1,42,3,0, Done, dt, 164.5625272709607
Elevator Call,1150.267508,-1,35,3,1, Done, dt, 164.5625272709607
Elevator Call,1151.658727,72,30,3,1, Done, dt, 164.5625272709607
Elevator Call,1155.24787,57,-6,3,1, Done, dt, 164.5625272709607
Elevator Call,1155.51387,-8,-2,3,1, Done, dt, 164.5625272709607
Elevator Call,1156.933473,64,-5,3,1, Done, dt, 164.5625272709607
Elevator Call,1160.066063,-9,20,3,1, Done, dt, 164.5625272709607
Elevator Call,1161.659134,-6,89,3,0, Done, dt, 164.5625272709607
Elevator Call,1164.728332,-9,26,3,1, Done, dt, 164.5625272709607
Elevator Call,1169.481751,87,3,3,1, Done, dt, 164.5625272709607
Elevator Call,1172.241692,-2,5,3,1, Done, dt, 164.5625272709607
Elevator Call,1175.806406,-3,-7,3,1, Done, dt, 164.5625272709607
Elevator Call,1177.299486,-2,93,3,0, Done, dt, 164.5625272709607
Elevator Call,1177.79874,-9,-7,3,1, Done, dt, 164.5625272709607
Elevator Call,1178.015835,-3,-2,3,1, Done, dt, 164.5625272709607
Elevator Call,1181.303975,32,-4,3,1, Done, dt, 164.5625272709607
Elevator Call,1189.747135,10,84,3,0, Done, dt, 164.5625272709607
Elevator Call,1191.780756,-2,0,3,1, Done, dt, 164.5625272709607
Elevator Call,1194.358987,95,-3,3,1, Done, dt, 164.5625272709607
Elevator Call,1194.827927,-9,44,3,0, Done, dt, 164.5625272709607
Elevator Call,1195.01973,86,-7,3,1, Done, dt, 164.5625272709607
Elevator Call,1196.736235,0,97,3,0, Done, dt, 164.5625272709607
Elevator Call,1199.092723,2,-5,3,1, Done, dt, 164.5625272709607
Elevator Call,1212.94955,-7,-1,3,1, Done, dt, 164.5625272709607
Elevator Call,1213.495278,96,0,3,1, Done, dt, 164.5625272709607
Elevator Call,1230.84745,-8,-7,3,1, Done, dt, 164.5625272709607
Elevator Call,1234.224956,0,-7,3,1, Done, dt, 164.5625272709607
Elevator Call,1256.013692,-6,59,3,0, Done, dt, 164.5625272709607
Elevator Call,1256.295645,53,81,3,0, Done, dt, 164.5625272709607
Elevator Call,1257.515198,-7,61,3,0, Done, dt, 164.5625272709607
Elevator Call,1257.867373,-7,64,3,0, Done, dt, 164.5625272709607
Elevator Call,1258.161775,62,-9,3,1, Done, dt, 164.5625272709607
Elevator Call,1258.621396,-9,71,3,0, Done, dt, 164.5625272709607
Elevator Call,1260.416452,24,-4,3,1, Done, dt, 164.5625272709607
Elevator Call,1261.007565,88,-3,3,1, Done, dt, 164.5625272709607
Elevator Call,1267.841295,-6,-8,3,1, Done, dt, 164.5625272709607
Elevator Call,1268.591385,-1,-5,3,1, Done, dt, 164.5625272709607
Elevator Call,1269.109031,-5,-6,3,1, Done, dt, 164.5625272709607
Elevator Call,1278.205593,-9,-8,3,1, Done, dt, 164.5625272709607
Elevator Call,1278.552894,32,0,3,1, Done, dt, 164.5625272709607
Elevator Call,1280.743464,0,63,3,0, Done, dt, 164.5625272709607
Elevator Call,1283.268844,-8,-7,3,1, Done, dt, 164.5625272709607
Elevator Call,1285.798386,-8,56,3,0, Done, dt, 164.5625272709607
Elevator Call,1292.31291,-4,19,3,1, Done, dt, 164.5625272709607
Elevator Call,1293.406551,-4,24,3,1, Done, dt, 164.5625272709607
Elevator Call,1295.165134,-3,75,3,0, Done, dt, 164.5625272709607
Elevator Call,1308.551782,-1,-6,3,1, Done, dt, 164.5625272709607
Elevator Call,1309.106951,37,-5,3,1, Done, dt, 164.5625272709607
Elevator Call,1309.827343,-6,37,3,0, Done, dt, 164.5625272709607
Elevator Call,1311.596035,-4,-1,3,1, Done, dt, 164.5625272709607
Elevator Call,1316.661812,64,-4,3,1, Done, dt, 164.5625272709607
Elevator Call,1319.140062,83,53,3,0, Done, dt, 164.5625272709607
Elevator Call,1321.835409,83,-8,3,1, Done, dt, 164.5625272709607
Elevator Call,1330.157155,-7,85,3,0, Done, dt, 164.5625272709607
Elevator Call,1331.206962,5,-6,3,1, Done, dt, 164.5625272709607
Elevator Call,1333.039215,-7,-5,3,1, Done, dt, 164.5625272709607
Elevator Call,1333.197635,-9,0,3,1, Done, dt, 164.5625272709607
Elevator Call,1335.738947,-8,-5,3,1, Done, dt, 164.5625272709607
Elevator Call,1343.469808,27,10,3,1, Done, dt, 164.5625272709607
Elevator Call,1345.789651,28,-2,3,1, Done, dt, 164.5625272709607
Elevator Call,1351.765731,62,0,3,1, Done, dt, 164.5625272709607
Elevator Call,1355.586276,71,0,3,1, Done, dt, 164.5625272709607
Elevator Call,1359.396047,-9,-5,3,1, Done, dt, 164.5625272709607
Elevator Call,1359.681945,0,-5,3,1, Done, dt, 164.5625272709607
Elevator Call,1361.809632,-8,100,3,0, Done, dt, 164.5625272709607
Elevator Call,1364.671704,-1,26,3,1, Done, dt, 164.5625272709607
Elevator Call,1367.602704,-1,67,3,0, Done, dt, 164.5625272709607
Elevator Call,1373.088258,90,-8,3,1, Done, dt, 164.5625272709607
Elevator Call,1376.396326,-6,0,3,1, Done, dt, 164.5625272709607
Elevator Call,1376.748995,-9,75,3,0, Done, dt, 164.5625272709607
Elevator Call,1377.882864,-6,-9,3,1, Done, dt, 164.5625272709607
Elevator Call,1382.600467,93,-7,3,1, Done, dt, 164.5625272709607
Elevator Call,1386.113489,67,85,3,0, Done, dt, 164.5625272709607
Elevator Call,1387.551742,-1,-8,3,1, Done, dt, 164.5625272709607
Elevator Call,1389.569914,-4,7,3,1, Done, dt, 164.5625272709607
Elevator Call,1389.583236,-1,95,3,0, Done, dt, 164.5625272709607
Elevator Call,1398.19019,-1,51,3,0, Done, dt, 164.5625272709607
Elevator Call,1398.811631,-2,78,3,0, Done, dt, 164.5625272709607
Elevator Call,1399.544504,-9,95,3,0, Done, dt, 164.5625272709607
Elevator Call,1401.790923,-5,-4,3,1, Done, dt, 164.5625272709607
Elevator Call,1409.093679,72,0,3,1, Done, dt, 164.5625272709607
Elevator Call,1409.586576,-4,79,3,0, Done, dt, 164.5625272709607
Elevator Call,1413.057875,-3,44,3,0, Done, dt, 164.5625272709607
Elevator Call,1413.849106,-9,93,3,0, Done, dt, 164.5625272709607
Elevator Call,1415.219861,21,-2,3,1, Done, dt, 164.5625272709607
Elevator Call,1430.917412,0,5,3,1, Done, dt, 164.5625272709607
Elevator Call,1434.529917,-3,29,3,1, Done, dt, 164.5625272709607
Elevator Call,1436.216863,91,-5,3,1, Done, dt, 164.5625272709607
Elevator Call,1438.195964,-2,-7,3,1, Done, dt, 164.5625272709607
Elevator Call,1438.973391,-2,17,3,1, Done, dt, 164.5625272709607
Elevator Call,1445.399725,68,97,3,0, Done, dt, 164.5625272709607
Elevator Call,1448.363061,-3,-4,3,1, Done, dt, 164.5625272709607
Elevator Call,1448.619285,17,-3,3,1, Done, dt, 164.5625272709607
Elevator Call,1450.88339,53,92,3,0, Done, dt, 164.5625272709607
Elevator Call,1453.071921,64,59,3,0, Done, dt, 164.5625272709607
Elevator Call,1453.27967,-8,-9,3,1, Done, dt, 164.5625272709607
Elevator Call,1453.946387,-2,-1,3,1, Done, dt, 164.5625272709607
Elevator Call,1454.828501,-7,16,3,1, Done, dt, 164.5625272709607
Elevator Call,1456.729156,39,-8,3,1, Done, dt, 164.5625272709607
Elevator Call,1458.655611,-8,95,3,0, Done, dt, 164.5625272709607
Elevator Call,1462.670036,-9,-1,3,1, Done, dt, 164.5625272709607
Elevator Call,1463.921661,-6,3,3,1, Done, dt, 164.5625272709607
Elevator Call,1467.027887,1,-5,3,1, Done, dt, 164.5625272709607
Elevator Call,1467.776637,-9,34,3,1, Done, dt, 164.5625272709607
Elevator Call,1469.404018,56,-8,3,1, Done, dt, 164.5625272709607
Elevator Call,1470.034373,-5,-8,3,1, Done, dt, 164.5625272709607
Elevator Call,1470.591554,26,-6,3,1, Done, dt, 164.5625272709607
Elevator Call,1473.835706,73,0,3,1, Done, dt, 164.5625272709607
Elevator Call,1480.112742,-2,-3,3,1, Done, dt, 164.5625272709607
Elevator Call,1480.849966,-9,0,3,1, Done, dt, 164.5625272709607
Elevator Call,1484.421985,-5,44,3,0, Done, dt, 164.5625272709607
Elevator Call,1484.984337,34,-1,3,1, Done, dt, 164.5625272709607
Elevator Call,1486.42706,6,61,3,0, Done, dt, 164.5625272709607
Elevator Call,1491.550191,-8,-4,3,1, Done, dt, 164.5625272709607
Elevator Call,1492.205073,-8,72,3,0, Done, dt, 164.5625272709607
Elevator Call,1493.504001,37,-1,3,1, Done, dt, 164.5625272709607
Elevator Call,1501.979223,-8,94,3,0, Done, dt, 164.5625272709607
Elevator Call,1504.345129,-1,-3,3,1, Done, dt, 164.5625272709607
Elevator Call,1506.640551,66,-1,3,1, Done, dt, 164.5625272709607
Elevator Call,1511.122815,66,-9,3,1, Done, dt, 164.5625272709607
Elevator Call,1512.08621,-7,-2,3,1, Done, dt, 164.5625272709607
Elevator Call,1517.099756,74,-8,3,1, Done, dt, 164.5625272709607
Elevator Call,1519.001187,17,-5,3,1, Done, dt, 164.5625272709607
Elevator Call,1521.319655,-6,-1,3,1, Done, dt, 164.5625272709607
Elevator Call,1521.978165,-3,-2,3,1, Done, dt, 164.5625272709607
Elevator Call,1522.637926,-3,26,3,1, Done, dt, 164.5625272709607
Elevator Call,1530.551375,-9,41,3,0, Done, dt, 164.5625272709607
Elevator Call,1530.857545,-4,17,3,1, Done, dt, 164.5625272709607
Elevator Call,1536.70169,63,-2,3,1, Done, dt, 164.5625272709607
Elevator Call,1544.548897,-8,86,3,0, Done, dt, 164.5625272709607
Elevator Call,1550.774857,-5,82,3,0, Done, dt, 164.5625272709607
Elevator Call,1551.504604,-5,67,3,0, Done, dt, 164.5625272709607
Elevator Call,1553.774226,-8,71,3,0, Done, dt, 164.5625272709607
Elevator Call,1554.498489,47,0,3,1, Done, dt, 164.5625272709607
Elevator Call,1557.889998,-5,39,3,0, Done, dt, 164.5625272709607
Elevator Call,1559.921165,64,-3,3,1, Done, dt, 164.5625272709607
Elevator Call,1560.228669,-7,48,3,0, Done, dt, 164.5625272709607
Elevator Call,1562.863051,-6,19,3,1, Done, dt, 164.5625272709607
Elevator Call,1569.124937,61,48,3,0, Done, dt, 164.5625272709607
Elevator Call,1573.816017,24,0,3,1, Done, dt, 164.5625272709607
Elevator Call,1575.812833,26,-1,3,1, Done, dt, 164.5625272709607
Elevator Call,1578.228615,-7,11,3,1, Done, dt, 164.5625272709607
Elevator Call,1586.878234,57,-9,3,1, Done, dt, 164.5625272709607
Elevator Call,1586.893792,-6,20,3,1, Done, dt, 164.5625272709607
Elevator Call,1588.788677,-5,-3,3,1, Done, dt, 164.5625272709607
Elevator Call,1593.620333,-3,24,3,1, Done, dt, 164.5625272709607
Elevator Call,1596.423753,2,-6,3,1, Done, dt, 164.5625272709607
Elevator Call,1596.498826,-7,81,3,0, Done, dt, 164.5625272709607
Elevator Call,1599.602336,52,-8,3,1, Done, dt, 164.5625272709607
Elevator Call,1606.048199,-5,41,3,0, Done, dt, 164.5625272709607
Elevator Call,1607.039781,-2,49,3,0, Done, dt, 164.5625272709607
Elevator Call,1609.391394,35,76,3,0, Done, dt, 164.5625272709607
Elevator Call,1609.689968,-6,-5,3,1, Done, dt, 164.5625272709607
Elevator Call,1611.625232,-6,-2,3,1, Done, dt, 164.5625272709607
Elevator Call,1624.835904,-4,45,3,0, Done, dt, 164.5625272709607
Elevator Call,1625.968105,-4,82,3,0, Done, dt, 164.5625272709607
Elevator Call,1626.179079,-7,-1,3,1, Done, dt, 164.5625272709607
Elevator Call,1629.960199,47,92,3,0, Done, dt, 164.5625272709607
Elevator Call,1630.151637,-8,-7,3,1, Done, dt, 164.5625272709607
Elevator Call,1630.159943,-8,-2,3,1, Done, dt, 164.5625272709607
Elevator Call,1633.862854,-3,73,3,0, Done, dt, 164.5625272709607
Elevator Call,1637.432232,-8,76,3,0, Done, dt, 164.5625272709607
Elevator Call,1647.637203,79,-3,3,1, Done, dt, 164.5625272709607
Elevator Call,1647.672741,77,-6,3,1, Done, dt, 164.5625272709607
Elevator Call,1662.551651,-4,53,3,0, Done, dt, 164.5625272709607
Elevator Call,1663.280678,33,0,3,1, Done, dt, 164.5625272709607
Elevator Call,1664.54767,5,10,3,1, Done, dt, 164.5625272709607
Elevator Call,1665.195253,89,3,3,1, Done, dt, 164.5625272709607
Elevator Call,1665.919196,0,39,3,0, Done, dt, 164.5625272709607
Elevator Call,1682.328497,-2,88,3,0, Done, dt, 164.5625272709607
Elevator Call,1690.222153,25,-4,3,1, Done, dt, 164.5625272709607
Elevator Call,1692.615297,89,0,3,1, Done, dt, 164.5625272709607
Elevator Call,1696.258909,-3,0,3,1, Done, dt, 164.5625272709607
Elevator Call,1696.291863,91,-6,3,1, Done, dt, 164.5625272709607
Elevator Call,1698.762804,-4,46,3,0, Done, dt, 164.5625272709607
Elevator Call,1701.420176,-6,-1,3,1, Done, dt, 164.5625272709607
Elevator Call,1701.880371,37,-7,3,1, Done, dt, 164.5625272709607
Elevator Call,1706.514239,-4,-2,3,1, Done, dt, 164.5625272709607
Elevator Call,1708.699148,97,-9,3,1, Done, dt, 164.5625272709607
Elevator Call,1717.932502,90,10,3,1, Done, dt, 164.5625272709607
Elevator Call,1719.728282,-6,51,3,0, Done, dt, 164.5625272709607
Elevator Call,1719.963571,0,51,3,0, Done, dt, 164.5625272709607
Elevator Call,1725.939395,74,-8,3,1, Done, dt, 164.5625272709607
Elevator Call,1726.115008,51,0,3,1, Done, dt, 164.5625272709607
Elevator Call,1730.233267,12,55,3,0, Done, dt, 164.5625272709607
Elevator Call,1732.957366,-8,37,3,0, Done, dt, 164.5625272709607
Elevator Call,1750.164103,-2,86,3,0, Done, dt, 164.5625272709607
Elevator Call,1751.667822,29,-9,3,1, Done, dt, 164.5625272709607
Elevator Call,1764.807856,-3,60,3,0, Done, dt, 164.5625272709607
Elevator Call,1769.838963,-9,-5,3,1, Done, dt, 164.5625272709607
Elevator Call,1777.4224,30,-2,3,1, Done, dt, 164.5625272709607
Elevator Call,1779.570449,78,-9,3,1, Done, dt, 164.5625272709607
Elevator Call,1783.460186,0,28,3,1, Done, dt, 164.5625272709607
Elevator Call,1793.138663,-6,52,3,0, Done, dt, 164.5625272709607
Elevator Call,1795.384037,-1,92,3,0, Done, dt, 164.5625272709607
Elevator Call,1798.806261,99,-1,3,1, Done, dt, 164.5625272709607
Elevator Call,1800.921284,-6,70,3,0, Done, dt, 164.5625272709607
Elevator Call,1801.336336,77,-8,3,1, Done, dt, 164.5625272709607
Elevator Call,1805.696142,-5,-1,3,1, Done, dt, 164.5625272709607
Elevator Call,1805.967769,-9,-3,3,1, Done, dt, 164.5625272709607
Elevator Call,1809.080126,79,61,3,0, Done, dt, 164.5625272709607
Elevator Call,1810.498727,65,-3,3,1, Done, dt, 164.5625272709607
Elevator Call,1811.298522,15,-5,3,1, Done, dt, 164.5625272709607
Elevator Call,1811.839207,-1,68,3,0, Done, dt, 164.5625272709607
Elevator Call,1812.150597,-8,18,3,1, Done, dt, 164.5625272709607
Elevator Call,1815.954459,-2,-3,3,1, Done, dt, 164.5625272709607
Elevator Call,1824.514226,-6,25,3,1, Done, dt, 164.5625272709607
Elevator Call,1825.222851,-8,-5,3,1, Done, dt, 164.5625272709607
Elevator Call,1834.510852,-6,34,3,1, Done, dt, 164.5625272709607
Elevator Call,1835.054264,91,19,3,1, Done, dt, 164.5625272709607
Elevator Call,1838.000617,-2,54,3,0, Done, dt, 164.5625272709607
Elevator Call,1840.61844,-5,70,3,0, Done, dt, 164.5625272709607
Elevator Call,1846.215271,15,-3,3,1, Done, dt, 164.5625272709607
Elevator Call,1846.786855,84,-3,3,1, Done, dt, 164.5625272709607
Elevator Call,1847.224079,-3,56,3,0, Done, dt, 164.5625272709607
Elevator Call,1847.474067,7,-7,3,1, Done, dt, 164.5625272709607
Elevator Call,1848.060299,-7,20,3,1, Done, dt, 164.5625272709607
Elevator Call,1848.996154,-6,8,3,1, Done, dt, 164.5625272709607
Elevator Call,1852.75234,76,0,3,1, Done, dt, 164.5625272709607
Elevator Call,1859.34932,-8,44,3,0, Done, dt, 164.5625272709607
Elevator Call,1873.35974,-7,-6,3,1, Done, dt, 164.5625272709607
Elevator Call,1884.604706,0,-3,3,1, Done, dt, 164.5625272709607
Elevator Call,1885.681637,-4,12,3,1, Done, dt, 164.5625272709607
Elevator Call,1885.948804,-2,-4,3,1, Done, dt, 164.5625272709607
Elevator Call,1887.055764,-7,-2,3,1, Done, dt, 164.5625272709607
Elevator Call,1889.426057,6,62,3,0, Done, dt, 164.5625272709607
Elevator Call,1898.863461,-3,71,3,0, Done, dt, 164.5625272709607
Elevator Call,1900.997626,-5,34,3,1, Done, dt, 164.5625272709607
Elevator Call,1901.607018,47,88,3,0, Done, dt, 164.5625272709607
Elevator Call,1906.152342,0,68,3,0, Done, dt, 164.5625272709607
Elevator Call,1906.65989,40,-6,3,1, Done, dt, 164.5625272709607
Elevator Call,1909.655791,0,-8,3,1, Done, dt, 164.5625272709607
Elevator Call,1912.231489,-9,-10,3,1, Done, dt, 164.5625272709607
Elevator Call,1914.84213,10,-3,3,1, Done, dt, 164.5625272709607
Elevator Call,1915.229189,-7,67,3,0, Done, dt, 164.5625272709607
Elevator Call,1917.690494,-7,69,3,0, Done, dt, 164.5625272709607
Elevator Call,1917.749918,-9,59,3,0, Done, dt, 164.5625272709607
Elevator Call,1919.307443,-1,-2,3,1, Done, dt, 164.5625272709607
Elevator Call,1919.671697,-5,-8,3,1, Done, dt, 164.5625272709607
Elevator Call,1920.309671,0,39,3,0, Done, dt, 164.5625272709607
Elevator Call,1921.772661,-9,-3,3,1, Done, dt, 164.5625272709607
Elevator Call,1922.78832,53,-3,3,1, Done, dt, 164.5625272709607
Elevator Call,1932.56295,29,-3,3,1, Done, dt, 164.5625272709607
Elevator Call,1932.657382,85,-2,3,1, Done, dt, 164.5625272709607
Elevator Call,1933.033702,24,-6,3,1, Done, dt, 164.5625272709607
Elevator Call,1936.032078,-7,43,3,0, Done, dt, 164.5625272709607
Elevator Call,1937.925728,31,-1,3,1, Done, dt, 164.5625272709607
Elevator Call,1938.076272,78,-4,3,1, Done, dt, 164.5625272709607
Elevator Call,1948.555682,0,-8,3,1, Done, dt, 164.5625272709607
Elevator Call,1956.602357,0,66,3,0, Done, dt, 164.5625272709607
Elevator Call,1961.024055,-5,-8,3,1, Done, dt, 164.5625272709607
Elevator Call,1961.236941,66,-8,3,1, Done, dt, 164.5625272709607
Elevator Call,1963.244778,-3,4,3,1, Done, dt, 164.5625272709607
Elevator Call,1971.487331,-2,56,3,0, Done, dt, 164.5625272709607
Elevator Call,1972.260018,47,-1,3,1, Done, dt, 164.5625272709607
Elevator Call,1976.733314,-3,0,3,1, Done, dt, 164.5625272709607
Elevator Call,1981.785671,5,-1,3,1, Done, dt, 164.5625272709607
Elevator Call,1987.012716,-7,15,3,1, Done, dt, 164.5625272709607
Elevator Call,1987.947843,0,45,3,0, Done, dt, 164.5625272709607
Elevator Call,1988.311757,-6,12,3,1, Done, dt, 164.5625272709607
Elevator Call,1993.244033,-3,49,3,0, Done, dt, 164.5625272709607
Elevator Call,1994.157909,-4,78,3,0, Done, dt, 164.5625272709607
Elevator Call,1994.721452,98,-3,3,1, Done, dt, 164.5625272709607
Elevator Call,2000.883009,14,-6,3,1, Done, dt, 164.5625272709607
Elevator Call,2002.433749,-6,73,3,0, Done, dt, 164.5625272709607
Elevator Call,2006.0789,50,-4,3,1, Done, dt, 164.5625272709607
Elevator Call,2006.096932,-3,14,3,1, Done, dt, 164.5625272709607
Elevator Call,2008.461786,44,-8,3,1, Done, dt, 164.5625272709607
Elevator Call,2012.126357,-2,89,3,0, Done, dt, 164.5625272709607
Elevator Call,2019.543422,-3,-4,3,1, Done, dt, 164.5625272709607
Elevator Call,2020.392521,-9,0,3,1, Done, dt, 164.5625272709607
Elevator Call,2030.306197,3,97,3,0, Done, dt, 164.5625272709607
Elevator Call,2033.682978,-4,-1,3,1, Done, dt, 164.5625272709607
Elevator Call,2034.070388,-1,-2,3,1, Done, dt, 164.5625272709607
Elevator Call,2037.540352,63,-9,3,1, Done, dt, 164.5625272709607
Elevator Call,2040.540391,77,-2,3,1, Done, dt, 164.5625272709607
Elevator Call,2042.893689,53,-1,3,1, Done, dt, 164.5625272709607
Elevator Call,2049.494678,100,-9,3,1, Done, dt, 164.5625272709607
Elevator Call,2049.894336,90,-9,3,1, Done, dt, 164.5625272709607
Elevator Call,2052.138163,0,44,3,0, Done, dt, 164.5625272709607
Elevator Call,2055.204858,-4,28,3,1, Done, dt, 164.5625272709607
Elevator Call,2074.160226,-7,87,3,0, Done, dt, 164.5625272709607
Elevator Call,2074.827972,-2,-8,3,1, Done, dt, 164.5625272709607
Elevator Call,2078.503828,76,-3,3,1, Done, dt, 164.5625272709607
Elevator Call,2082.082,44,-3,3,1, Done, dt, 164.5625272709607
Elevator Call,2082.726693,-1,0,3,1, Done, dt, 164.5625272709607
Elevator Call,2083.846257,-8,12,3,1, Done, dt, 164.5625272709607
Elevator Call,2087.101967,-2,100,3,0, Done, dt, 164.5625272709607
Elevator Call,2091.649263,-6,11,3,1, Done, dt, 164.5625272709607
Elevator Call,2094.104679,-9,-5,3,1, Done, dt, 164.5625272709607
Elevator Call,2094.186297,-1,71,3,0, Done, dt, 164.5625272709607
Elevator Call,2094.733112,-2,39,3,0, Done, dt, 164.5625272709607
Elevator Call,2106.798348,31,-9,3,1, Done, dt, 164.5625272709607
Elevator Call,2107.243942,-8,51,3,0, Done, dt, 164.5625272709607
Elevator Call,2109.847077,30,-5,3,1, Done, dt, 164.5625272709607
Elevator Call,2110.283069,-7,-4,3,1, Done, dt, 164.5625272709607
Elevator Call,2119.204458,-1,0,3,1, Done, dt, 164.5625272709607
Elevator Call,2120.032357,-1,-3,3,1, Done, dt, 164.5625272709607
Elevator Call,2120.26982,49,-8,3,1, Done, dt, 164.5625272709607
Elevator Call,2121.378315,61,-3,3,1, Done, dt, 164.5625272709607
Elevator Call,2123.491167,-1,-3,3,1, Done, dt, 164.5625272709607
Elevator Call,2129.261184,51,-3,3,1, Done, dt, 164.5625272709607
Elevator Call,2130.948478,-8,4,3,1, Done, dt, 164.5625272709607
Elevator Call,2132.590041,20,-1,3,1, Done, dt, 164.5625272709607
Elevator Call,2136.177877,33,-2,3,1, Done, dt, 164.5625272709607
Elevator Call,2146.043528,20,-3,3,1, Done, dt, 164.5625272709607
Elevator Call,2146.546708,0,2,3,1, Done, dt, 164.5625272709607
Elevator Call,2163.352637,49,0,3,1, Done, dt, 164.5625272709607
Elevator Call,2164.731467,-7,64,3,0, Done, dt, 164.5625272709607
Elevator Call,2168.725269,-1,30,3,1, Done, dt, 164.5625272709607
Elevator Call,2170.413091,20,0,3,1, Done, dt, 164.5625272709607
Elevator Call,2171.485302,31,-1,3,1, Done, dt, 164.5625272709607
Elevator Call,2173.769133,-2,-3,3,1, Done, dt, 164.5625272709607
Elevator Call,2174.163238,88,-1,3,1, Done, dt, 164.5625272709607
Elevator Call,2178.145118,0,11,3,1, Done, dt, 164.5625272709607
Elevator Call,2180.577623,-9,-1,3,1, Done, dt, 164.5625272709607
Elevator Call,2180.777738,-3,3,3,1, Done, dt, 164.5625272709607
Elevator Call,2185.396391,61,-5,3,1, Done, dt, 164.5625272709607
Elevator Call,2186.257513,-7,94,3,0, Done, dt, 164.5625272709607
Elevator Call,2187.578462,96,-2,3,1, Done, dt, 164.5625272709607
Elevator Call,2187.657378,10,-3,3,1, Done, dt, 164.5625272709607
Elevator Call,2189.677538,-2,-3,3,1, Done, dt, 164.5625272709607
Elevator Call,2191.616205,79,24,3,1, Done, dt, 164.5625272709607
Elevator Call,2194.883445,0,-5,3,1, Done, dt, 164.5625272709607
Elevator Call,2196.977947,-7,21,3,1, Done, dt, 164.5625272709607
Elevator Call,2199.844327,47,0,3,1, Done, dt, 164.5625272709607
Elevator Call,2213.053772,42,0,3,1, Done, dt, 164.5625272709607
Elevator Call,2219.46503,-4,-6,3,1, Done, dt, 164.5625272709607
Elevator Call,2221.53668,-3,73,3,0, Done, dt, 164.5625272709607
Elevator Call,2224.666202,-4,14,3,1, Done, dt, 164.5625272709607
Elevator Call,2227.151401,92,-2,3,1, Done, dt, 164.5625272709607
Elevator Call,2230.377631,77,9,3,1, Done, dt, 164.5625272709607
Elevator Call,2230.495302,79,-7,3,1, Done, dt, 164.5625272709607
Elevator Call,2230.723511,39,-2,3,1, Done, dt, 164.5625272709607
Elevator Call,2231.83615,-6,84,3,0, Done, dt, 164.5625272709607
Elevator Call,2232.321498,36,-8,3,1, Done, dt, 164.5625272709607
Elevator Call,2234.227094,-6,52,3,0, Done, dt, 164.5625272709607
Elevator Call,2236.042604,-2,-8,3,1, Done, dt, 164.5625272709607
Elevator Call,2241.17072,12,-8,3,1, Done, dt, 164.5625272709607
Elevator Call,2243.226289,18,-1,3,1, Done, dt, 164.5625272709607
Elevator Call,2251.46136,93,-9,3,1, Done, dt, 164.5625272709607
Elevator Call,2254.361822,-1,42,3,0, Done, dt, 164.5625272709607
Elevator Call,2261.507415,39,0,3,1, Done, dt, 164.5625272709607
Elevator Call,2261.69257,-2,77,3,0, Done, dt, 164.5625272709607
Elevator Call,2263.70446,46,41,3,0, Done, dt, 164.5625272709607
Elevator Call,2273.17678,34,-3,3,1, Done, dt, 164.5625272709607
Elevator Call,2277.358145,-8,2,3,1, Done, dt, 164.5625272709607
Elevator Call,2279.962201,64,-4,3,1, Done, dt, 164.5625272709607
Elevator Call,2283.560211,29,-3,3,1, Done, dt, 164.5625272709607
Elevator Call,2284.491474,-9,-10,3,1, Done, dt, 164.5625272709607
Elevator Call,2284.811671,-8,-7,3,1, Done, dt, 164.5625272709607
Elevator Call,2287.402563,72,-9,3,1, Done, dt, 164.5625272709607
Elevator Call,2290.734909,-7,0,3,1, Done, dt, 164.5625272709607
Elevator Call,2294.442472,-8,-4,3,1, Done, dt, 164.5625272709607
Elevator Call,2299.845011,68,0,3,1, Done, dt, 164.5625272709607
Elevator Call,2306.534961,-7,-4,3,1, Done, dt, 164.5625272709607
Elevator Call,2309.188341,33,-3,3,1, Done, dt, 164.5625272709607
Elevator Call,2310.641166,93,-2,3,1, Done, dt, 164.5625272709607
Elevator Call,2317.565746,40,23,3,1, Done, dt, 164.5625272709607
Elevator Call,2317.826937,67,-7,3,1, Done, dt, 164.5625272709607
Elevator Call,2317.877105,-9,32,3,1, Done, dt, 164.5625272709607
Elevator Call,2322.899527,-6,43,3,0, Done, dt, 164.5625272709607
Elevator Call,2322.926529,-5,18,3,1, Done, dt, 164.5625272709607
Elevator Call,2324.150159,37,-6,3,1, Done, dt, 164.5625272709607
Elevator Call,2330.605564,76,-8,3,1, Done, dt, 164.5625272709607
Elevator Call,2330.986325,38,-9,3,1, Done, dt, 164.5625272709607
Elevator Call,2331.709931,17,46,3,0, Done, dt, 164.5625272709607
Elevator Call,2333.662972,0,84,3,0, Done, dt, 164.5625272709607
Elevator Call,2340.16019,74,0,3,1, Done, dt, 164.5625272709607
Elevator Call,2348.150042,-7,84,3,0, Done, dt, 164.5625272709607
Elevator Call,2354.298184,25,-3,3,1, Done, dt, 164.5625272709607
Elevator Call,2359.453611,-9,22,3,1, Done, dt, 164.5625272709607
Elevator Call,2360.669247,-6,67,3,0, Done, dt, 164.5625272709607
Elevator Call,2362.265977,83,-2,3,1, Done, dt, 164.5625272709607
Elevator Call,2370.005792,66,14,3,1, Done, dt, 164.5625272709607
Elevator Call,2371.287486,0,28,3,1, Done, dt, 164.5625272709607
Elevator Call,2373.781177,-3,11,3,1, Done, dt, 164.5625272709607
Elevator Call,2376.263847,2,89,3,0, Done, dt, 164.5625272709607
Elevator Call,2377.636875,60,-7,3,1, Done, dt, 164.5625272709607
Elevator Call,2378.139986,70,-1,3,1, Done, dt, 164.5625272709607
Elevator Call,2379.751495,-6,17,3,1, Done, dt, 164.5625272709607
Elevator Call,2382.044788,-4,81,3,0, Done, dt, 164.5625272709607
Elevator Call,2383.82299,-7,17,3,1, Done, dt, 164.5625272709607
Elevator Call,2385.282833,23,-2,3,1, Done, dt, 164.5625272709607
Elevator Call,2387.241648,-9,76,3,0, Done, dt, 164.5625272709607
Elevator Call,2390.14459,-2,87,3,0, Done, dt, 164.5625272709607
Elevator Call,2391.239615,87,-2,3,1, Done, dt, 164.5625272709607
Elevator Call,2393.493326,79,-6,3,1, Done, dt, 164.5625272709607
Elevator Call,2393.880062,-4,28,3,1, Done, dt, 164.5625272709607
Elevator Call,2394.415997,-9,58,3,0, Done, dt, 164.5625272709607
Elevator Call,2395.878566,-3,31,3,1, Done, dt, 164.5625272709607
Elevator Call,2397.722506,99,-3,3,1, Done, dt, 164.5625272709607
Elevator Call,2398.468171,50,-7,3,1, Done, dt, 164.5625272709607
Elevator Call,2399.024306,68,27,3,1, Done, dt, 164.5625272709607
Elevator Call,2405.387992,-3,6,3,1, Done, dt, 164.5625272709607
Elevator Call,2410.51857,60,35,3,1, Done, dt, 164.5625272709607
Elevator Call,2410.75187,96,-1,3,1, Done, dt, 164.5625272709607
Elevator Call,2411.412359,5,-1,3,1, Done, dt, 164.5625272709607
Elevator Call,2421.370067,-6,68,3,0, Done, dt, 164.5625272709607
Elevator Call,2421.638331,-3,-9,3,1, Done, dt, 164.5625272709607
Elevator Call,2422.047762,24,-2,3,1, Done, dt, 164.5625272709607
Elevator Call,2426.935301,6,-5,3,1, Done, dt, 164.5625272709607
Elevator Call,2432.179722,-9,-1,3,1, Done, dt, 164.5625272709607
Elevator Call,2433.051403,74,-8,3,1, Done, dt, 164.5625272709607
Elevator Call,2438.961752,67,0,3,1, Done, dt, 164.5625272709607
Elevator Call,2439.843101,-3,-1,3,1, Done, dt, 164.5625272709607
Elevator Call,2442.622798,-3,-1,3,1, Done, dt, 164.5625272709607
Elevator Call,2444.383291,-6,-7,3,1, Done, dt, 164.5625272709607
Elevator Call,2447.435116,99,50,3,0, Done, dt, 164.5625272709607
Elevator Call,2447.869298,-4,-6,3,1, Done, dt, 164.5625272709607
Elevator Call,2449.118021,80,71,3,0, Done, dt, 164.5625272709607
Elevator Call,2463.35452,-6,-7,3,1, Done, dt, 164.5625272709607
Elevator Call,2467.302332,83,-4,3,1, Done, dt, 164.5625272709607
Elevator Call,2476.166318,79,-8,3,1, Done, dt, 164.5625272709607
Elevator Call,2477.584123,-8,-2,3,1, Done, dt, 164.5625272709607
Elevator Call,2478.032277,-2,-6,3,1, Done, dt, 164.5625272709607
Elevator Call,2482.677306,-7,79,3,0, Done, dt, 164.5625272709607
Elevator Call,2486.043724,70,-1,3,1, Done, dt, 164.5625272709607
Elevator Call,2489.476439,52,-9,3,1, Done, dt, 164.5625272709607
Elevator Call,2489.540646,-4,-3,3,1, Done, dt, 164.5625272709607
Elevator Call,2490.199969,96,-5,3,1, Done, dt, 164.5625272709607
Elevator Call,2490.391353,39,-7,3,1, Done, dt, 164.5625272709607
Elevator Call,2490.395383,31,-7,3,1, Done, dt, 164.5625272709607
Elevator Call,2493.201481,81,24,3,1, Done, dt, 164.5625272709607
Elevator Call,2497.12119,-2,-3,3,1, Done, dt, 164.5625272709607
Elevator Call,2500.794198,-1,0,3,1, Done, dt, 164.5625272709607
Elevator Call,2502.806357,-2,20,3,1, Done, dt, 164.5625272709607
Elevator Call,2508.300299,-8,-1,3,1, Done, dt, 164.5625272709607
Elevator Call,2510.31143,61,0,3,1, Done, dt, 164.5625272709607
Elevator Call,2511.76796,41,38,3,0, Done, dt, 164.5625272709607
Elevator Call,2513.135363,27,-6,3,1, Done, dt, 164.5625272709607
Elevator Call,2518.672652,82,64,3,0, Done, dt, 164.5625272709607
Elevator Call,2518.712149,-1,-8,3,1, Done, dt, 164.5625272709607
Elevator Call,2519.998682,-7,8,3,1, Done, dt, 164.5625272709607
Elevator Call,2524.597353,-7,47,3,0, Done, dt, 164.5625272709607
Elevator Call,2526.277384,45,-7,3,1, Done, dt, 164.5625272709607
Elevator Call,2531.408018,36,-6,3,1, Done, dt, 164.5625272709607
Elevator Call,2531.581287,48,0,3,1, Done, dt, 164.5625272709607
Elevator Call,2531.591807,67,-2,3,1, Done, dt, 164.5625272709607
Elevator Call,2534.955247,69,-3,3,1, Done, dt, 164.5625272709607
Elevator Call,2538.499262,-2,-5,3,1, Done, dt, 164.5625272709607
Elevator Call,2542.170051,-5,-7,3,1, Done, dt, 164.5625272709607
Elevator Call,2543.047825,23,-3,3,1, Done, dt, 164.5625272709607
Elevator Call,2543.333211,-9,0,3,1, Done, dt, 164.5625272709607
Elevator Call,2547.157618,88,-5,3,1, Done, dt, 164.5625272709607
Elevator Call,2549.34928,19,-5,3,1, Done, dt, 164.5625272709607
Elevator Call,2556.05221,-3,-5,3,1, Done, dt, 164.5625272709607
Elevator Call,2557.169917,-3,54,3,0, Done, dt, 164.5625272709607
Elevator Call,2561.685859,63,-5,3,1, Done, dt, 164.5625272709607
Elevator Call,2564.143316,12,-2,3,1, Done, dt, 164.5625272709607
Elevator Call,2564.786476,64,1,3,1, Done, dt, 164.5625272709607
Elevator Call,2566.86911,19,-3,3,1, Done, dt, 164.5625272709607
Elevator Call,2567.193509,15,-2,3,1, Done, dt, 164.5625272709607
Elevator Call,2567.699916,94,-8,3,1, Done, dt, 164.5625272709607
Elevator Call,2569.15744,-7,0,3,1, Done, dt, 164.5625272709607
Elevator Call,2570.075875,51,-7,3,1, Done, dt, 164.5625272709607
Elevator Call,2570.829611,-1,38,3,0, Done, dt, 164.5625272709607
Elevator Call,2573.654577,86,-6,3,1, Done, dt, 164.5625272709607
Elevator Call,2578.040227,-2,60,3,0, Done, dt, 164.5625272709607
Elevator Call,2580.766543,23,-7,3,1, Done, dt, 164.5625272709607
Elevator Call,2598.300125,-6,-7,3,1, Done, dt, 164.5625272709607
Elevator Call,2598.630298,55,-9,3,1, Done, dt, 164.5625272709607
Elevator Call,2601.418037,97,0,3,1, Done, dt, 164.5625272709607
Elevator Call,2602.221317,-3,5,3,1, Done, dt, 164.5625272709607
Elevator Call,2611.47695,36,-2,3,1, Done, dt, 164.5625272709607
Elevator Call,2612.207136,69,-7,3,1, Done, dt, 164.5625272709607
Elevator Call,2618.33237,12,0,3,1, Done, dt, 164.5625272709607
Elevator Call,2619.05257,-9,-4,3,1, Done, dt, 164.5625272709607
Elevator Call,2621.200961,-9,-2,3,1, Done, dt, 164.5625272709607
Elevator Call,2622.053318,79,-9,3,1, Done, dt, 164.5625272709607
Elevator Call,2623.102151,0,91,3,0, Done, dt, 164.5625272709607
Elevator Call,2630.2306,100,-5,3,1, Done, dt, 164.5625272709607
Elevator Call,2630.504351,26,-5,3,1, Done, dt, 164.5625272709607
Elevator Call,2633.094307,65,-9,3,1, Done, dt, 164.5625272709607
Elevator Call,2637.429936,68,-4,3,1, Done, dt, 164.5625272709607
Elevator Call,2638.708683,57,-8,3,1, Done, dt, 164.5625272709607
Elevator Call,2641.154264,81,-7,3,1, Done, dt, 164.5625272709607
Elevator Call,2642.340632,74,69,3,0, Done, dt, 164.5625272709607
Elevator Call,2645.199782,-4,67,3,0, Done, dt, 164.5625272709607
Elevator Call,2646.255739,26,-1,3,1, Done, dt, 164.5625272709607
Elevator Call,2654.332993,54,0,3,1, Done, dt, 164.5625272709607
Elevator Call,2655.489921,-6,31,3,1, Done, dt, 164.5625272709607
Elevator Call,2657.712373,62,-2,3,1, Done, dt, 164.5625272709607
Elevator Call,2661.748548,91,80,3,0, Done, dt, 164.5625272709607
Elevator Call,2662.205384,26,-3,3,1, Done, dt, 164.5625272709607
Elevator Call,2664.375064,-1,12,3,1, Done, dt, 164.5625272709607
Elevator Call,2664.710816,-3,96,3,0, Done, dt, 164.5625272709607
Elevator Call,2669.756047,-9,60,3,0, Done, dt, 164.5625272709607
Elevator Call,2674.041672,28,0,3,1, Done, dt, 164.5625272709607
Elevator Call,2681.574869,19,75,3,0, Done, dt, 164.5625272709607
Elevator Call,2686.251038,1,-7,3,1, Done, dt, 164.5625272709607
Elevator Call,2697.031381,78,-3,3,1, Done, dt, 164.5625272709607
Elevator Call,2697.921228,-9,-10,3,1, Done, dt, 164.5625272709607
Elevator Call,2703.592119,35,-9,3,1, Done, dt, 164.5625272709607
Elevator Call,2707.236956,-9,-7,3,1, Done, dt, 164.5625272709607
Elevator Call,2707.533575,47,-7,3,1, Done, dt, 164.5625272709607
Elevator Call,2719.610485,-6,74,3,0, Done, dt, 164.5625272709607
Elevator Call,2719.990107,99,-9,3,1, Done, dt, 164.5625272709607
Elevator Call,2725.412343,-9,49,3,0, Done, dt, 164.5625272709607
Elevator Call,2730.355307,12,-8,3,1, Done, dt, 164.5625272709607
Elevator Call,2735.981821,-7,-3,3,1, Done, dt, 164.5625272709607
Elevator Call,2741.296573,-9,60,3,0, Done, dt, 164.5625272709607
Elevator Call,2751.534939,30,-3,3,1, Done, dt, 164.5625272709607
Elevator Call,2754.793686,-7,-5,3,1, Done, dt, 164.5625272709607
Elevator Call,2761.200255,-2,0,3,1, Done, dt, 164.5625272709607
Elevator Call,2765.009908,-9,71,3,0, Done, dt, 164.5625272709607
Elevator Call,2767.641402,23,-2,3,1, Done, dt, 164.5625272709607
Elevator Call,2767.789098,12,-2,3,1, Done, dt, 164.5625272709607
Elevator Call,2769.97695,26,0,3,1, Done, dt, 164.5625272709607
Elevator Call,2773.683168,97,82,3,0, Done, dt, 164.5625272709607
Elevator Call,2773.822071,12,-6,3,1, Done, dt, 164.5625272709607
Elevator Call,2782.670285,8,-4,3,1, Done, dt, 164.5625272709607
Elevator Call,2782.919366,87,-5,3,1, Done, dt, 164.5625272709607
Elevator Call,2784.617917,6,-9,3,1, Done, dt, 164.5625272709607
Elevator Call,2787.081034,5,-5,3,1, Done, dt, 164.5625272709607
Elevator Call,2792.814559,44,-9,3,1, Done, dt, 164.5625272709607
Elevator Call,2794.283611,87,-4,3,1, Done, dt, 164.5625272709607
Elevator Call,2805.838889,-7,20,3,1, Done, dt, 164.5625272709607
Elevator Call,2813.926086,34,-9,3,1, Done, dt, 164.5625272709607
Elevator Call,2816.453096,71,-5,3,1, Done, dt, 164.5625272709607
Elevator Call,2818.146433,38,0,3,1, Done, dt, 164.5625272709607
Elevator Call,2820.109558,5,0,3,1, Done, dt, 164.5625272709607
Elevator Call,2820.181381,20,-3,3,1, Done, dt, 164.5625272709607
Elevator Call,2820.396011,90,-9,3,1, Done, dt, 164.5625272709607
Elevator Call,2824.249862,-8,0,3,1, Done, dt, 164.5625272709607
Elevator Call,2827.862848,71,2,3,1, Done, dt, 164.5625272709607
Elevator Call,2829.036343,74,-6,3,1, Done, dt, 164.5625272709607
Elevator Call,2829.207842,26,-2,3,1, Done, dt, 164.5625272709607
Elevator Call,2832.891317,0,-1,3,1, Done, dt, 164.5625272709607
Elevator Call,2834.227619,4,-2,3,1, Done, dt, 164.5625272709607
Elevator Call,2834.560084,100,0,3,1, Done, dt, 164.5625272709607
Elevator Call,2838.953853,61,-1,3,1, Done, dt, 164.5625272709607
Elevator Call,2839.165088,-5,-7,3,1, Done, dt, 164.5625272709607
Elevator Call,2839.653243,84,-8,3,1, Done, dt, 164.5625272709607
Elevator Call,2843.660763,76,-9,3,1, Done, dt, 164.5625272709607
Elevator Call,2844.039026,72,-3,3,1, Done, dt, 164.5625272709607
Elevator Call,2856.351678,2,0,3,1, Done, dt, 164.5625272709607
Elevator Call,2862.068794,72,-4,3,1, Done, dt, 164.5625272709607
Elevator Call,2863.113303,-3,-1,3,1, Done, dt, 164.5625272709607
Elevator Call,2867.457222,-8,-5,3,1, Done, dt, 164.5625272709607
Elevator Call,2868.248552,85,-5,3,1, Done, dt, 164.5625272709607
Elevator Call,2871.377755,94,37,3,0, Done, dt, 164.5625272709607
Elevator Call,2872.998944,91,-2,3,1, Done, dt, 164.5625272709607
Elevator Call,2874.768717,37,0,3,1, Done, dt, 164.5625272709607
Elevator Call,2875.728652,-9,8,3,1, Done, dt, 164.5625272709607
Elevator Call,2881.082866,11,-1,3,1, Done, dt, 164.5625272709607
Elevator Call,2886.778074,3,-9,3,1, Done, dt, 164.5625272709607
Elevator Call,2890.58744,84,-3,3,1, Done, dt, 164.5625272709607
Elevator Call,2890.81691,87,63,3,0, Done, dt, 164.5625272709607
Elevator Call,2895.437474,-4,-2,3,1, Done, dt, 164.5625272709607
Elevator Call,2895.775052,-6,-8,3,1, Done, dt, 164.5625272709607
Elevator Call,2900.431708,-6,-7,3,1, Done, dt, 164.5625272709607
Elevator Call,2903.053137,-5,0,3,1, Done, dt, 164.5625272709607
Elevator Call,2904.069285,-8,-9,3,1, Done, dt, 164.5625272709607
Elevator Call,2904.829337,89,-5,3,1, Done, dt, 164.5625272709607
Elevator Call,2915.161037,81,-3,3,1, Done, dt, 164.5625272709607
Elevator Call,2916.051564,72,-2,3,1, Done, dt, 164.5625272709607
Elevator Call,2917.608872,55,-3,3,1, Done, dt, 164.5625272709607
Elevator Call,2920.584401,0,-3,3,1, Done, dt, 164.5625272709607
Elevator Call,2920.841384,65,44,3,0, Done, dt, 164.5625272709607
Elevator Call,2926.978531,51,42,3,0, Done, dt, 164.5625272709607
Elevator Call,2931.476414,4,-7,3,1, Done, dt, 164.5625272709607
Elevator Call,2933.979242,77,69,3,0, Done, dt, 164.5625272709607
Elevator Call,2938.146119,16,-5,3,1, Done, dt, 164.5625272709607
Elevator Call,2943.459058,60,31,3,1, Done, dt, 164.5625272709607
Elevator Call,2944.207988,66,56,3,0, Done, dt, 164.5625272709607
Elevator Call,2944.346735,90,-9,3,1, Done, dt, 164.5625272709607
Elevator Call,2945.604382,-2,89,3,0, Done, dt, 164.5625272709607
Elevator Call,2946.920515,16,-7,3,1, Done, dt, 164.5625272709607
Elevator Call,2948.958091,82,-6,3,1, Done, dt, 164.5625272709607
Elevator Call,2950.192037,2,34,3,1, Done, dt, 164.5625272709607
Elevator Call,2958.246148,1,-2,3,1, Done, dt, 164.5625272709607
Elevator Call,2958.964175,59,-1,3,1, Done, dt, 164.5625272709607
Elevator Call,2971.647066,0,-1,3,1, Done, dt, 164.5625272709607
Elevator Call,2972.728698,46,-7,3,1, Done, dt, 164.5625272709607
Elevator Call,2974.926508,25,0,3,1, Done, dt, 164.5625272709607
Elevator Call,2979.160468,6,0,3,1, Done, dt, 164.5625272709607
Elevator Call,2980.850798,72,-1,3,1, Done, dt, 164.5625272709607
Elevator Call,2981.388199,-6,-1,3,1, Done, dt, 164.5625272709607
Elevator Call,2981.481534,5,-6,3,1, Done, dt, 164.5625272709607
Elevator Call,2982.403892,-2,-8,3,1, Done, dt, 164.5625272709607
Elevator Call,2985.787278,18,-6,3,1, Done, dt, 164.5625272709607
Elevator Call,2988.016107,62,-7,3,1, Done, dt, 164.5625272709607
Elevator Call,2991.892139,52,-1,3,1, Done, dt, 164.5625272709607
Elevator Call,2994.059037,47,-7,3,1, Done, dt, 164.5625272709607
Elevator Call,2996.373731,50,-6,3,1, Done, dt, 164.5625272709607
Elevator Call,3001.747292,-9,0,3,1, Done, dt, 164.5625272709607
Elevator Call,3005.917948,20,-6,3,1, Done, dt, 164.5625272709607
Elevator Call,3007.560523,-1,0,3,1, Done, dt, 164.5625272709607
Elevator Call,3008.568394,0,44,3,0, Done, dt, 164.5625272709607
Elevator Call,3008.714083,88,-3,3,1, Done, dt, 164.5625272709607
Elevator Call,3016.670803,72,-8,3,1, Done, dt, 164.5625272709607
Elevator Call,3022.697179,-4,70,3,0, Done, dt, 164.5625272709607
Elevator Call,3023.469235,-4,59,3,0, Done, dt, 164.5625272709607
Elevator Call,3025.352624,46,-8,3,1, Done, dt, 164.5625272709607
Elevator Call,3032.875621,89,72,3,0, Done, dt, 164.5625272709607
Elevator Call,3039.03561,-1,-2,3,1, Done, dt, 164.5625272709607
Elevator Call,3039.74546,56,-8,3,1, Done, dt, 164.5625272709607
Elevator Call,3043.381106,-6,-1,3,1, Done, dt, 164.5625272709607
Elevator Call,3048.564941,-4,43,3,0, Done, dt, 164.5625272709607
Elevator Call,3049.629128,-6,-5,3,1, Done, dt, 164.5625272709607
Elevator Call,3050.520662,-3,0,3,1, Done, dt, 164.5625272709607
Elevator Call,3054.552611,55,-9,3,1, Done, dt, 164.5625272709607
Elevator Call,3059.428634,-8,4,3,1, Done, dt, 164.5625272709607
Elevator Call,3069.18878,15,93,3,0, Done, dt, 164.5625272709607
Elevator Call,3075.12082,97,-8,3,1, Done, dt, 164.5625272709607
Elevator Call,3080.312031,99,-5,3,1, Done, dt, 164.5625272709607
Elevator Call,3080.716761,95,-8,3,1, Done, dt, 164.5625272709607
Elevator Call,3083.166062,87,42,3,0, Done, dt, 164.5625272709607
Elevator Call,3091.858118,30,-8,3,1, Done, dt, 164.5625272709607
Elevator Call,3101.38693,-9,95,3,0, Done, dt, 164.5625272709607
Elevator Call,3104.906929,-9,-10,3,1, Done, dt, 164.5625272709607
Elevator Call,3108.843809,85,-6,3,1, Done, dt, 164.5625272709607
Elevator Call,3110.015849,-3,-1,3,1, Done, dt, 164.5625272709607
Elevator Call,3111.398297,-4,-9,3,1, Done, dt, 164.5625272709607
Elevator Call,3112.724892,86,-3,3,1, Done, dt, 164.5625272709607
Elevator Call,3113.03078,-2,-8,3,1, Done, dt, 164.5625272709607
Elevator Call,3113.910413,100,97,3,0, Done, dt, 164.5625272709607
Elevator Call,3116.537004,42,-6,3,1, Done, dt, 164.5625272709607
Elevator Call,3133.766119,71,-4,3,1, Done, dt, 164.5625272709607
Elevator Call,3133.819089,0,37,3,0, Done, dt, 164.5625272709607
Elevator Call,3141.849986,19,-9,3,1, Done, dt, 164.5625272709607
Elevator Call,3149.410217,-8,-7,3,1, Done, dt, 164.5625272709607
Elevator Call,3151.613776,89,1,3,1, Done, dt, 164.5625272709607
Elevator Call,3153.222867,-6,23,3,1, Done, dt, 164.5625272709607
Elevator Call,3159.467866,58,-5,3,1, Done, dt, 164.5625272709607
Elevator Call,3166.240252,35,-4,3,1, Done, dt, 164.5625272709607
Elevator Call,3180.082268,96,0,3,1, Done, dt, 164.5625272709607
Elevator Call,3183.003495,41,-3,3,1, Done, dt, 164.5625272709607
Elevator Call,3188.065838,-7,36,3,1, Done, dt, 164.5625272709607
Elevator Call,3188.900711,-4,-5,3,1, Done, dt, 164.5625272709607
Elevator Call,3191.053452,52,-2,3,1, Done, dt, 164.5625272709607
Elevator Call,3191.633998,-9,-5,3,1, Done, dt, 164.5625272709607
Elevator Call,3192.536585,86,-9,3,1, Done, dt, 164.5625272709607
Elevator Call,3208.479694,36,-9,3,1, Done, dt, 164.5625272709607
Elevator Call,3210.779334,23,-3,3,1, Done, dt, 164.5625272709607
Elevator Call,3213.076374,33,-8,3,1, Done, dt, 164.5625272709607
Elevator Call,3218.237368,-3,77,3,0, Done, dt, 164.5625272709607
Elevator Call,3233.649608,10,-6,3,1, Done, dt, 164.5625272709607
Elevator Call,3239.167934,16,0,3,1, Done, dt, 164.5625272709607
Elevator Call,3241.397983,92,-1,3,1, Done, dt, 164.5625272709607
Elevator Call,3243.876954,23,-1,3,1, Done, dt, 164.5625272709607
Elevator Call,3245.606291,12,-6,3,1, Done, dt, 164.5625272709607
Elevator Call,3247.621405,84,-5,3,1, Done, dt, 164.5625272709607
Elevator Call,3253.919892,4,-1,3,1, Done, dt, 164.5625272709607
Elevator Call,3254.763995,3,-2,3,1, Done, dt, 164.5625272709607
Elevator Call,3256.298644,60,-4,3,1, Done, dt, 164.5625272709607
Elevator Call,3259.914222,37,-1,3,1, Done, dt, 164.5625272709607
Elevator Call,3273.391152,82,-2,3,1, Done, dt, 164.5625272709607
Elevator Call,3277.939881,48,13,3,1, Done, dt, 164.5625272709607
Elevator Call,3278.726235,30,22,3,1, Done, dt, 164.5625272709607
Elevator Call,3287.525217,30,-4,3,1, Done, dt, 164.5625272709607
Elevator Call,3288.104053,95,20,3,1, Done, dt, 164.5625272709607
Elevator Call,3289.098904,2,67,3,0, Done, dt, 164.5625272709607
Elevator Call,3297.416607,50,-7,3,1, Done, dt, 164.5625272709607
Elevator Call,3303.272278,59,1,3,1, Done, dt, 164.5625272709607
Elevator Call,3315.002333,27,23,3,1, Done, dt, 164.5625272709607
Elevator Call,3315.235793,-7,10,3,1, Done, dt, 164.5625272709607
Elevator Call,3316.606207,58,44,3,0, Done, dt, 164.5625272709607
Elevator Call,3320.406665,-3,-6,3,1, Done, dt, 164.5625272709607
Elevator Call,3323.353381,-9,62,3,0, Done, dt, 164.5625272709607
Elevator Call,3328.642807,67,-2,3,1, Done, dt, 164.5625272709607
Elevator Call,3330.15691,45,0,3,1, Done, dt, 164.5625272709607
Elevator Call,3333.843283,5,-2,3,1, Done, dt, 164.5625272709607
Elevator Call,3343.596413,67,-3,3,1, Done, dt, 164.5625272709607
Elevator Call,3344.45534,16,-2,3,1, Done, dt, 164.5625272709607
Elevator Call,3358.667831,-6,-7,3,1, Done, dt, 164.5625272709607
Elevator Call,3359.320805,88,26,3,1, Done, dt, 164.5625272709607
Elevator Call,3359.64989,33,-2,3,1, Done, dt, 164.5625272709607
Elevator Call,3361.715438,75,-7,3,1, Done, dt, 164.5625272709607
Elevator Call,3361.888963,63,0,3,1, Done, dt, 164.5625272709607
Elevator Call,3366.465698,69,-9,3,1, Done, dt, 164.5625272709607
Elevator Call,3367.638428,33,-5,3,1, Done, dt, 164.5625272709607
Elevator Call,3378.531225,65,-3,3,1, Done, dt, 164.5625272709607
Elevator Call,3383.110175,65,-5,3,1, Done, dt, 164.5625272709607
Elevator Call,3385.246431,-5,-1,3,1, Done, dt, 164.5625272709607
Elevator Call,3385.883392,92,-4,3,1, Done, dt, 164.5625272709607
Elevator Call,3386.450168,-8,-6,3,1, Done, dt, 164.5625272709607
Elevator Call,3388.413763,92,24,3,1, Done, dt, 164.5625272709607
Elevator Call,3393.285732,10,-1,3,1, Done, dt, 164.5625272709607
Elevator Call,3394.321203,-9,12,3,1, Done, dt, 164.5625272709607
Elevator Call,3394.987033,91,-2,3,1, Done, dt, 164.5625272709607
Elevator Call,3417.827749,15,-5,3,1, Done, dt, 164.5625272709607
Elevator Call,3418.850913,46,-1,3,1, Done, dt, 164.5625272709607
Elevator Call,3423.456534,95,-2,3,1, Done, dt, 164.5625272709607
Elevator Call,3440.72986,-3,-5,3,1, Done, dt, 164.5625272709607
Elevator Call,3441.660118,-8,-1,3,1, Done, dt, 164.5625272709607
Elevator Call,3448.445642,5,-5,3,1, Done, dt, 164.5625272709607
Elevator Call,3451.420308,90,-3,3,1, Done, dt, 164.5625272709607
Elevator Call,3451.750826,82,-2,3,1, Done, dt, 164.5625272709607
Elevator Call,3451.972312,61,-5,3,1, Done, dt, 164.5625272709607
Elevator Call,3452.670425,64,-5,3,1, Done, dt, 164.5625272709607
Elevator Call,3457.016355,0,-7,3,1, Done, dt, 164.5625272709607
Elevator Call,3459.403619,55,52,3,0, Done, dt, 164.5625272709607
Elevator Call,3462.070628,21,-6,3,1, Done, dt, 164.5625272709607
Elevator Call,3462.0752,0,-4,3,1, Done, dt, 164.5625272709607
Elevator Call,3464.585151,52,-8,3,1, Done, dt, 164.5625272709607
Elevator Call,3466.276795,77,13,3,1, Done, dt, 164.5625272709607
Elevator Call,3471.502523,88,-1,3,1, Done, dt, 164.5625272709607
Elevator Call,3473.310881,36,0,3,1, Done, dt, 164.5625272709607
Elevator Call,3475.649076,75,-7,3,1, Done, dt, 164.5625272709607
Elevator Call,3477.685317,-9,-6,3,1, Done, dt, 164.5625272709607
Elevator Call,3483.754837,73,0,3,1, Done, dt, 164.5625272709607
Elevator Call,3491.642056,85,0,3,1, Done, dt, 164.5625272709607
Elevator Call,3498.216182,-4,-7,3,1, Done, dt, 164.5625272709607
Elevator Call,3502.091565,84,-4,3,1, Done, dt, 164.5625272709607
Elevator Call,3513.010033,22,-8,3,1, Done, dt, 164.5625272709607
Elevator Call,3513.677771,7,-4,3,1, Done, dt, 164.5625272709607
Elevator Call,3516.026453,13,0,3,1, Done, dt, 164.5625272709607
Elevator Call,3522.933053,94,-4,3,1, Done, dt, 164.5625272709607
Elevator Call,3523.03578,0,-6,3,1, Done, dt, 164.5625272709607
Elevator Call,3532.34351,-8,-2,3,1, Done, dt, 164.5625272709607
Elevator Call,3533.239865,1,-6,3,1, Done, dt, 164.5625272709607
Elevator Call,3536.046287,-3,0,3,1, Done, dt, 164.5625272709607
Elevator Call,3543.062467,91,-2,3,1, Done, dt, 164.5625272709607
Elevator Call,3543.891538,22,-3,3,1, Done, dt, 164.5625272709607
Elevator Call,3545.848181,72,-3,3,1, Done, dt, 164.5625272709607
Elevator Call,3554.541674,82,-4,3,1, Done, dt, 164.5625272709607
Elevator Call,3557.15601,77,47,3,0, Done, dt, 164.5625272709607
Elevator Call,3564.738521,8,-9,3,1, Done, dt, 164.5625272709607
Elevator Call,3564.796738,12,-8,3,1, Done, dt, 164.5625272709607
Elevator Call,3569.139169,82,-4,3,1, Done, dt, 164.5625272709607
Elevator Call,3570.303695,-9,-2,3,1, Done, dt, 164.5625272709607
Elevator Call,3571.047789,34,-8,3,1, Done, dt, 164.5625272709607
Elevator Call,3572.911609,6,-6,3,1, Done, dt, 164.5625272709607
Elevator Call,3583.794949,56,-1,3,1, Done, dt, 164.5625272709607
Elevator Call,3587.195387,89,-5,3,1, Done, dt, 164.5625272709607
Elevator Call,3587.217656,28,-6,3,1, Done, dt, 164.5625272709607
Elevator Call,3589.038048,63,-2,3,1, Done, dt, 164.5625272709607
